Date,Time,Away,Home
2016-10-12,10:00 PM,Calgary Flames,Edmonton Oilers
2016-10-12,8:00 PM,St. Louis Blues,Chicago Blackhawks
2016-10-12,10:30 PM,Los Angeles Kings,San Jose Sharks
2016-10-12,7:00 PM,Toronto Maple Leafs,Ottawa Senators
2016-10-13,8:30 PM,Anaheim Ducks,Dallas Stars
2016-10-13,7:00 PM,Boston Bruins,Columbus Blue Jackets
2016-10-13,7:00 PM,Montreal Canadiens,Buffalo Sabres
2016-10-13,8:00 PM,Carolina Hurricanes,Winnipeg Jets
2016-10-13,7:30 PM,Detroit Red Wings,Tampa Bay Lightning
2016-10-13,7:30 PM,New Jersey Devils,Florida Panthers
2016-10-13,8:00 PM,Minnesota Wild,St. Louis Blues
2016-10-13,7:00 PM,New York Islanders,New York Rangers
2016-10-13,7:00 PM,Washington Capitals,Pittsburgh Penguins
2016-10-14,9:00 PM,Edmonton Oilers,Calgary Flames
2016-10-14,8:00 PM,Chicago Blackhawks,Nashville Predators
2016-10-14,10:30 PM,Philadelphia Flyers,Los Angeles Kings
2016-10-15,7:00 PM,Anaheim Ducks,Pittsburgh Penguins
2016-10-15,9:00 PM,Philadelphia Flyers,Arizona Coyotes
2016-10-15,7:00 PM,Boston Bruins,Toronto Maple Leafs
2016-10-15,7:00 PM,San Jose Sharks,Columbus Blue Jackets
2016-10-15,10:00 PM,Calgary Flames,Vancouver Canucks
2016-10-15,8:30 PM,Nashville Predators,Chicago Blackhawks
2016-10-15,9:00 PM,Dallas Stars,Colorado Avalanche
2016-10-15,7:00 PM,Detroit Red Wings,Florida Panthers
2016-10-15,7:00 PM,Winnipeg Jets,Minnesota Wild
2016-10-15,7:00 PM,Montreal Canadiens,Ottawa Senators
2016-10-15,7:00 PM,New Jersey Devils,Tampa Bay Lightning
2016-10-15,7:00 PM,New York Islanders,Washington Capitals
2016-10-15,8:00 PM,New York Rangers,St. Louis Blues
2016-10-16,6:00 PM,Anaheim Ducks,New York Islanders
2016-10-16,7:00 PM,Buffalo Sabres,Edmonton Oilers
2016-10-16,10:00 PM,Carolina Hurricanes,Vancouver Canucks
2016-10-17,8:00 PM,Boston Bruins,Winnipeg Jets
2016-10-17,7:00 PM,Colorado Avalanche,Pittsburgh Penguins
2016-10-17,7:30 PM,Ottawa Senators,Detroit Red Wings
2016-10-17,7:00 PM,San Jose Sharks,New York Rangers
2016-10-18,7:00 PM,Anaheim Ducks,New Jersey Devils
2016-10-18,7:30 PM,Arizona Coyotes,Ottawa Senators
2016-10-18,9:00 PM,Buffalo Sabres,Calgary Flames
2016-10-18,9:00 PM,Carolina Hurricanes,Edmonton Oilers
2016-10-18,8:30 PM,Philadelphia Flyers,Chicago Blackhawks
2016-10-18,7:00 PM,Colorado Avalanche,Washington Capitals
2016-10-18,8:00 PM,Dallas Stars,Nashville Predators
2016-10-18,7:30 PM,Florida Panthers,Tampa Bay Lightning
2016-10-18,8:00 PM,Los Angeles Kings,Minnesota Wild
2016-10-18,7:30 PM,Pittsburgh Penguins,Montreal Canadiens
2016-10-18,7:00 PM,San Jose Sharks,New York Islanders
2016-10-18,10:00 PM,St. Louis Blues,Vancouver Canucks
2016-10-19,8:00 PM,Detroit Red Wings,New York Rangers
2016-10-19,8:00 PM,Toronto Maple Leafs,Winnipeg Jets
2016-10-20,7:00 PM,Anaheim Ducks,Philadelphia Flyers
2016-10-20,7:30 PM,Arizona Coyotes,Montreal Canadiens
2016-10-20,7:00 PM,New Jersey Devils,Boston Bruins
2016-10-20,10:00 PM,Buffalo Sabres,Vancouver Canucks
2016-10-20,9:00 PM,Carolina Hurricanes,Calgary Flames
2016-10-20,7:30 PM,Colorado Avalanche,Tampa Bay Lightning
2016-10-20,8:30 PM,Los Angeles Kings,Dallas Stars
2016-10-20,9:00 PM,St. Louis Blues,Edmonton Oilers
2016-10-20,7:30 PM,Washington Capitals,Florida Panthers
2016-10-20,8:00 PM,Toronto Maple Leafs,Minnesota Wild
2016-10-20,7:00 PM,San Jose Sharks,Pittsburgh Penguins
2016-10-21,7:00 PM,Arizona Coyotes,New York Islanders
2016-10-21,7:00 PM,Chicago Blackhawks,Columbus Blue Jackets
2016-10-21,7:30 PM,Nashville Predators,Detroit Red Wings
2016-10-22,7:00 PM,Montreal Canadiens,Boston Bruins
2016-10-22,7:00 PM,Carolina Hurricanes,Philadelphia Flyers
2016-10-22,8:00 PM,Columbus Blue Jackets,Dallas Stars
2016-10-22,10:00 PM,St. Louis Blues,Calgary Flames
2016-10-22,7:00 PM,Toronto Maple Leafs,Chicago Blackhawks
2016-10-22,7:00 PM,Colorado Avalanche,Florida Panthers
2016-10-22,7:00 PM,San Jose Sharks,Detroit Red Wings
2016-10-22,10:00 PM,Vancouver Canucks,Los Angeles Kings
2016-10-22,7:00 PM,Minnesota Wild,New Jersey Devils
2016-10-22,8:00 PM,Pittsburgh Penguins,Nashville Predators
2016-10-22,7:00 PM,New York Rangers,Washington Capitals
2016-10-22,7:00 PM,Tampa Bay Lightning,Ottawa Senators
2016-10-23,8:00 PM,Vancouver Canucks,Anaheim Ducks
2016-10-23,7:00 PM,Arizona Coyotes,New York Rangers
2016-10-23,3:00 PM,Edmonton Oilers,Winnipeg Jets
2016-10-23,6:00 PM,Minnesota Wild,New York Islanders
2016-10-24,8:30 PM,Calgary Flames,Chicago Blackhawks
2016-10-24,7:30 PM,Philadelphia Flyers,Montreal Canadiens
2016-10-25,10:30 PM,Anaheim Ducks,San Jose Sharks
2016-10-25,7:00 PM,Arizona Coyotes,New Jersey Devils
2016-10-25,7:00 PM,Minnesota Wild,Boston Bruins
2016-10-25,7:00 PM,Buffalo Sabres,Philadelphia Flyers
2016-10-25,7:30 PM,Carolina Hurricanes,Detroit Red Wings
2016-10-25,10:30 PM,Columbus Blue Jackets,Los Angeles Kings
2016-10-25,8:00 PM,Calgary Flames,St. Louis Blues
2016-10-25,8:30 PM,Winnipeg Jets,Dallas Stars
2016-10-25,7:00 PM,Florida Panthers,Pittsburgh Penguins
2016-10-25,10:00 PM,Ottawa Senators,Vancouver Canucks
2016-10-25,7:30 PM,Tampa Bay Lightning,Toronto Maple Leafs
2016-10-26,10:30 PM,Nashville Predators,Anaheim Ducks
2016-10-26,8:00 PM,Boston Bruins,New York Rangers
2016-10-26,9:30 PM,Washington Capitals,Edmonton Oilers
2016-10-26,7:00 PM,Montreal Canadiens,New York Islanders
2016-10-27,7:00 PM,Arizona Coyotes,Philadelphia Flyers
2016-10-27,7:00 PM,Minnesota Wild,Buffalo Sabres
2016-10-27,10:30 PM,Columbus Blue Jackets,San Jose Sharks
2016-10-27,8:00 PM,Dallas Stars,Winnipeg Jets
2016-10-27,8:00 PM,Detroit Red Wings,St. Louis Blues
2016-10-27,7:30 PM,Florida Panthers,Toronto Maple Leafs
2016-10-27,10:30 PM,Nashville Predators,Los Angeles Kings
2016-10-27,7:30 PM,Tampa Bay Lightning,Montreal Canadiens
2016-10-27,7:00 PM,New York Islanders,Pittsburgh Penguins
2016-10-28,10:00 PM,Columbus Blue Jackets,Anaheim Ducks
2016-10-28,7:30 PM,New York Rangers,Carolina Hurricanes
2016-10-28,9:00 PM,Ottawa Senators,Calgary Flames
2016-10-28,7:30 PM,Chicago Blackhawks,New Jersey Devils
2016-10-28,9:00 PM,Winnipeg Jets,Colorado Avalanche
2016-10-28,10:00 PM,Edmonton Oilers,Vancouver Canucks
2016-10-29,9:00 PM,Colorado Avalanche,Arizona Coyotes
2016-10-29,7:00 PM,Boston Bruins,Detroit Red Wings
2016-10-29,1:00 PM,Florida Panthers,Buffalo Sabres
2016-10-29,8:00 PM,Dallas Stars,Minnesota Wild
2016-10-29,8:00 PM,Los Angeles Kings,St. Louis Blues
2016-10-29,7:00 PM,Toronto Maple Leafs,Montreal Canadiens
2016-10-29,7:00 PM,Tampa Bay Lightning,New Jersey Devils
2016-10-29,10:30 PM,Nashville Predators,San Jose Sharks
2016-10-29,7:00 PM,Pittsburgh Penguins,Philadelphia Flyers
2016-10-29,10:00 PM,Washington Capitals,Vancouver Canucks
2016-10-30,3:00 PM,Buffalo Sabres,Winnipeg Jets
2016-10-30,5:00 PM,Philadelphia Flyers,Carolina Hurricanes
2016-10-30,9:30 PM,Washington Capitals,Calgary Flames
2016-10-30,7:00 PM,Los Angeles Kings,Chicago Blackhawks
2016-10-30,5:00 PM,Florida Panthers,Detroit Red Wings
2016-10-30,9:00 PM,Ottawa Senators,Edmonton Oilers
2016-10-30,6:00 PM,Toronto Maple Leafs,New York Islanders
2016-10-30,7:00 PM,Tampa Bay Lightning,New York Rangers
2016-11-01,10:30 PM,Anaheim Ducks,Los Angeles Kings
2016-11-01,10:00 PM,San Jose Sharks,Arizona Coyotes
2016-11-01,7:30 PM,Boston Bruins,Florida Panthers
2016-11-01,8:00 PM,Buffalo Sabres,Minnesota Wild
2016-11-01,7:30 PM,Carolina Hurricanes,Ottawa Senators
2016-11-01,7:00 PM,Dallas Stars,Columbus Blue Jackets
2016-11-01,8:30 PM,Calgary Flames,Chicago Blackhawks
2016-11-01,9:00 PM,Nashville Predators,Colorado Avalanche
2016-11-01,7:30 PM,Edmonton Oilers,Toronto Maple Leafs
2016-11-01,7:00 PM,Tampa Bay Lightning,New York Islanders
2016-11-01,7:00 PM,St. Louis Blues,New York Rangers
2016-11-01,8:00 PM,Washington Capitals,Winnipeg Jets
2016-11-02,10:30 PM,Pittsburgh Penguins,Anaheim Ducks
2016-11-02,8:00 PM,Detroit Red Wings,Philadelphia Flyers
2016-11-02,7:30 PM,Vancouver Canucks,Montreal Canadiens
2016-11-03,10:00 PM,Nashville Predators,Arizona Coyotes
2016-11-03,7:30 PM,Boston Bruins,Tampa Bay Lightning
2016-11-03,7:00 PM,Toronto Maple Leafs,Buffalo Sabres
2016-11-03,10:30 PM,Calgary Flames,San Jose Sharks
2016-11-03,8:30 PM,Colorado Avalanche,Chicago Blackhawks
2016-11-03,8:30 PM,St. Louis Blues,Dallas Stars
2016-11-03,7:00 PM,Edmonton Oilers,New York Rangers
2016-11-03,7:30 PM,New Jersey Devils,Florida Panthers
2016-11-03,10:30 PM,Pittsburgh Penguins,Los Angeles Kings
2016-11-03,7:00 PM,Philadelphia Flyers,New York Islanders
2016-11-03,7:30 PM,Vancouver Canucks,Ottawa Senators
2016-11-03,7:00 PM,Winnipeg Jets,Washington Capitals
2016-11-04,10:00 PM,Arizona Coyotes,Anaheim Ducks
2016-11-04,7:00 PM,Montreal Canadiens,Columbus Blue Jackets
2016-11-04,7:30 PM,Winnipeg Jets,Detroit Red Wings
2016-11-05,7:00 PM,New York Rangers,Boston Bruins
2016-11-05,7:00 PM,Buffalo Sabres,Ottawa Senators
2016-11-05,8:00 PM,Carolina Hurricanes,Nashville Predators
2016-11-05,7:00 PM,Columbus Blue Jackets,St. Louis Blues
2016-11-05,10:00 PM,Calgary Flames,Los Angeles Kings
2016-11-05,8:00 PM,Chicago Blackhawks,Dallas Stars
2016-11-05,3:00 PM,Minnesota Wild,Colorado Avalanche
2016-11-05,7:00 PM,Edmonton Oilers,New York Islanders
2016-11-05,7:00 PM,Florida Panthers,Washington Capitals
2016-11-05,7:00 PM,Philadelphia Flyers,Montreal Canadiens
2016-11-05,7:00 PM,New Jersey Devils,Tampa Bay Lightning
2016-11-05,10:30 PM,Pittsburgh Penguins,San Jose Sharks
2016-11-05,7:00 PM,Vancouver Canucks,Toronto Maple Leafs
2016-11-06,9:30 PM,Calgary Flames,Anaheim Ducks
2016-11-06,6:00 PM,New Jersey Devils,Carolina Hurricanes
2016-11-06,7:00 PM,Dallas Stars,Chicago Blackhawks
2016-11-06,5:00 PM,Colorado Avalanche,St. Louis Blues
2016-11-06,5:00 PM,Edmonton Oilers,Detroit Red Wings
2016-11-06,7:00 PM,Winnipeg Jets,New York Rangers
2016-11-07,7:00 PM,Buffalo Sabres,Boston Bruins
2016-11-07,7:30 PM,Tampa Bay Lightning,Florida Panthers
2016-11-07,7:00 PM,Vancouver Canucks,New York Islanders
2016-11-08,9:00 PM,Arizona Coyotes,Colorado Avalanche
2016-11-08,7:30 PM,Boston Bruins,Montreal Canadiens
2016-11-08,7:00 PM,Carolina Hurricanes,New Jersey Devils
2016-11-08,8:00 PM,Dallas Stars,Winnipeg Jets
2016-11-08,7:00 PM,Detroit Red Wings,Philadelphia Flyers
2016-11-08,7:00 PM,Edmonton Oilers,Pittsburgh Penguins
2016-11-08,7:30 PM,Los Angeles Kings,Toronto Maple Leafs
2016-11-08,8:00 PM,Ottawa Senators,Nashville Predators
2016-11-08,7:00 PM,Vancouver Canucks,New York Rangers
2016-11-08,7:00 PM,San Jose Sharks,Washington Capitals
2016-11-09,7:00 PM,Anaheim Ducks,Columbus Blue Jackets
2016-11-09,7:30 PM,Ottawa Senators,Buffalo Sabres
2016-11-09,8:00 PM,Chicago Blackhawks,St. Louis Blues
2016-11-10,7:00 PM,Anaheim Ducks,Carolina Hurricanes
2016-11-10,9:00 PM,Winnipeg Jets,Arizona Coyotes
2016-11-10,7:00 PM,Columbus Blue Jackets,Boston Bruins
2016-11-10,9:00 PM,Dallas Stars,Calgary Flames
2016-11-10,7:30 PM,Vancouver Canucks,Detroit Red Wings
2016-11-10,7:30 PM,San Jose Sharks,Florida Panthers
2016-11-10,7:30 PM,Los Angeles Kings,Montreal Canadiens
2016-11-10,7:00 PM,Minnesota Wild,Pittsburgh Penguins
2016-11-10,8:00 PM,St. Louis Blues,Nashville Predators
2016-11-10,7:30 PM,New York Islanders,Tampa Bay Lightning
2016-11-11,7:00 PM,New Jersey Devils,Buffalo Sabres
2016-11-11,8:30 PM,Washington Capitals,Chicago Blackhawks
2016-11-11,9:00 PM,Winnipeg Jets,Colorado Avalanche
2016-11-11,9:00 PM,Dallas Stars,Edmonton Oilers
2016-11-11,7:30 PM,Los Angeles Kings,Ottawa Senators
2016-11-11,7:00 PM,Philadelphia Flyers,Toronto Maple Leafs
2016-11-12,8:00 PM,Anaheim Ducks,Nashville Predators
2016-11-12,8:00 PM,Boston Bruins,Arizona Coyotes
2016-11-12,7:00 PM,Buffalo Sabres,New Jersey Devils
2016-11-12,7:00 PM,Washington Capitals,Carolina Hurricanes
2016-11-12,7:00 PM,St. Louis Blues,Columbus Blue Jackets
2016-11-12,10:00 PM,New York Rangers,Calgary Flames
2016-11-12,7:00 PM,Detroit Red Wings,Montreal Canadiens
2016-11-12,7:00 PM,New York Islanders,Florida Panthers
2016-11-12,7:00 PM,Minnesota Wild,Philadelphia Flyers
2016-11-12,7:00 PM,Toronto Maple Leafs,Pittsburgh Penguins
2016-11-12,7:00 PM,San Jose Sharks,Tampa Bay Lightning
2016-11-13,7:00 PM,Boston Bruins,Colorado Avalanche
2016-11-13,7:00 PM,Montreal Canadiens,Chicago Blackhawks
2016-11-13,4:00 PM,Dallas Stars,Vancouver Canucks
2016-11-13,9:30 PM,New York Rangers,Edmonton Oilers
2016-11-13,3:00 PM,Los Angeles Kings,Winnipeg Jets
2016-11-13,5:00 PM,Minnesota Wild,Ottawa Senators
2016-11-14,7:00 PM,Tampa Bay Lightning,New York Islanders
2016-11-15,10:00 PM,Edmonton Oilers,Anaheim Ducks
2016-11-15,8:00 PM,Buffalo Sabres,St. Louis Blues
2016-11-15,7:00 PM,San Jose Sharks,Carolina Hurricanes
2016-11-15,7:00 PM,Washington Capitals,Columbus Blue Jackets
2016-11-15,8:00 PM,Calgary Flames,Minnesota Wild
2016-11-15,8:00 PM,Chicago Blackhawks,Winnipeg Jets
2016-11-15,9:00 PM,Los Angeles Kings,Colorado Avalanche
2016-11-15,8:30 PM,New Jersey Devils,Dallas Stars
2016-11-15,7:30 PM,Tampa Bay Lightning,Detroit Red Wings
2016-11-15,7:30 PM,Florida Panthers,Montreal Canadiens
2016-11-15,7:30 PM,Nashville Predators,Toronto Maple Leafs
2016-11-15,10:00 PM,New York Rangers,Vancouver Canucks
2016-11-15,7:00 PM,Ottawa Senators,Philadelphia Flyers
2016-11-16,10:00 PM,Arizona Coyotes,Calgary Flames
2016-11-16,8:00 PM,Pittsburgh Penguins,Washington Capitals
2016-11-17,10:00 PM,New Jersey Devils,Anaheim Ducks
2016-11-17,10:00 PM,Arizona Coyotes,Vancouver Canucks
2016-11-17,8:00 PM,Boston Bruins,Minnesota Wild
2016-11-17,7:00 PM,Tampa Bay Lightning,Buffalo Sabres
2016-11-17,8:30 PM,Colorado Avalanche,Dallas Stars
2016-11-17,10:30 PM,Edmonton Oilers,Los Angeles Kings
2016-11-17,7:30 PM,Florida Panthers,Toronto Maple Leafs
2016-11-17,7:30 PM,Nashville Predators,Ottawa Senators
2016-11-17,7:00 PM,Winnipeg Jets,Philadelphia Flyers
2016-11-17,8:00 PM,San Jose Sharks,St. Louis Blues
2016-11-18,7:30 PM,Montreal Canadiens,Carolina Hurricanes
2016-11-18,7:00 PM,New York Rangers,Columbus Blue Jackets
2016-11-18,9:00 PM,Chicago Blackhawks,Calgary Flames
2016-11-18,7:00 PM,Detroit Red Wings,Washington Capitals
2016-11-18,7:00 PM,Pittsburgh Penguins,New York Islanders
2016-11-19,8:00 PM,San Jose Sharks,Arizona Coyotes
2016-11-19,7:00 PM,Winnipeg Jets,Boston Bruins
2016-11-19,7:00 PM,Pittsburgh Penguins,Buffalo Sabres
2016-11-19,10:00 PM,Chicago Blackhawks,Vancouver Canucks
2016-11-19,8:00 PM,Colorado Avalanche,Minnesota Wild
2016-11-19,7:00 PM,Edmonton Oilers,Dallas Stars
2016-11-19,7:00 PM,Florida Panthers,Ottawa Senators
2016-11-19,4:00 PM,New Jersey Devils,Los Angeles Kings
2016-11-19,7:00 PM,Toronto Maple Leafs,Montreal Canadiens
2016-11-19,8:00 PM,Nashville Predators,St. Louis Blues
2016-11-19,1:00 PM,Tampa Bay Lightning,Philadelphia Flyers
2016-11-20,8:00 PM,Los Angeles Kings,Anaheim Ducks
2016-11-20,5:00 PM,Winnipeg Jets,Carolina Hurricanes
2016-11-20,12:30 PM,Columbus Blue Jackets,Washington Capitals
2016-11-20,7:30 PM,Calgary Flames,Detroit Red Wings
2016-11-20,5:00 PM,Florida Panthers,New York Rangers
2016-11-21,7:00 PM,Calgary Flames,Buffalo Sabres
2016-11-21,7:00 PM,Colorado Avalanche,Columbus Blue Jackets
2016-11-21,9:00 PM,Chicago Blackhawks,Edmonton Oilers
2016-11-21,8:30 PM,Minnesota Wild,Dallas Stars
2016-11-21,10:30 PM,New Jersey Devils,San Jose Sharks
2016-11-21,8:00 PM,Tampa Bay Lightning,Nashville Predators
2016-11-21,7:00 PM,New York Rangers,Pittsburgh Penguins
2016-11-22,10:00 PM,New York Islanders,Anaheim Ducks
2016-11-22,7:00 PM,St. Louis Blues,Boston Bruins
2016-11-22,7:00 PM,Carolina Hurricanes,Toronto Maple Leafs
2016-11-22,7:30 PM,Philadelphia Flyers,Florida Panthers
2016-11-22,7:30 PM,Ottawa Senators,Montreal Canadiens
2016-11-23,10:00 PM,Vancouver Canucks,Arizona Coyotes
2016-11-23,7:00 PM,Detroit Red Wings,Buffalo Sabres
2016-11-23,7:00 PM,Calgary Flames,Columbus Blue Jackets
2016-11-23,10:30 PM,Chicago Blackhawks,San Jose Sharks
2016-11-23,10:00 PM,Edmonton Oilers,Colorado Avalanche
2016-11-23,8:00 PM,Dallas Stars,Nashville Predators
2016-11-23,10:30 PM,New York Islanders,Los Angeles Kings
2016-11-23,7:00 PM,Winnipeg Jets,Minnesota Wild
2016-11-23,7:00 PM,Toronto Maple Leafs,New Jersey Devils
2016-11-23,7:00 PM,Pittsburgh Penguins,New York Rangers
2016-11-23,7:30 PM,Philadelphia Flyers,Tampa Bay Lightning
2016-11-23,7:00 PM,St. Louis Blues,Washington Capitals
2016-11-24,7:30 PM,Boston Bruins,Ottawa Senators
2016-11-24,7:30 PM,Carolina Hurricanes,Montreal Canadiens
2016-11-25,4:00 PM,Chicago Blackhawks,Anaheim Ducks
2016-11-25,9:00 PM,Edmonton Oilers,Arizona Coyotes
2016-11-25,7:30 PM,Calgary Flames,Boston Bruins
2016-11-25,5:00 PM,Buffalo Sabres,Washington Capitals
2016-11-25,7:30 PM,Columbus Blue Jackets,Tampa Bay Lightning
2016-11-25,8:30 PM,Vancouver Canucks,Dallas Stars
2016-11-25,7:30 PM,Detroit Red Wings,New Jersey Devils
2016-11-25,4:00 PM,Pittsburgh Penguins,Minnesota Wild
2016-11-25,6:00 PM,Winnipeg Jets,Nashville Predators
2016-11-25,4:00 PM,New York Islanders,San Jose Sharks
2016-11-25,1:00 PM,New York Rangers,Philadelphia Flyers
2016-11-26,10:30 PM,Anaheim Ducks,San Jose Sharks
2016-11-26,7:00 PM,Carolina Hurricanes,Ottawa Senators
2016-11-26,7:00 PM,Columbus Blue Jackets,Florida Panthers
2016-11-26,10:30 PM,Chicago Blackhawks,Los Angeles Kings
2016-11-26,10:00 PM,Vancouver Canucks,Colorado Avalanche
2016-11-26,7:00 PM,Montreal Canadiens,Detroit Red Wings
2016-11-26,8:00 PM,Minnesota Wild,St. Louis Blues
2016-11-26,7:00 PM,New Jersey Devils,Pittsburgh Penguins
2016-11-26,7:00 PM,Washington Capitals,Toronto Maple Leafs
2016-11-27,3:00 PM,Arizona Coyotes,Edmonton Oilers
2016-11-27,1:00 PM,Tampa Bay Lightning,Boston Bruins
2016-11-27,6:00 PM,Florida Panthers,Carolina Hurricanes
2016-11-27,7:00 PM,Calgary Flames,Philadelphia Flyers
2016-11-27,6:00 PM,Nashville Predators,Winnipeg Jets
2016-11-27,7:00 PM,Ottawa Senators,New York Rangers
2016-11-28,7:00 PM,Calgary Flames,New York Islanders
2016-11-28,8:00 PM,Dallas Stars,St. Louis Blues
2016-11-29,10:00 PM,Montreal Canadiens,Anaheim Ducks
2016-11-29,10:00 PM,Arizona Coyotes,San Jose Sharks
2016-11-29,7:00 PM,Boston Bruins,Philadelphia Flyers
2016-11-29,7:30 PM,Buffalo Sabres,Ottawa Senators
2016-11-29,7:00 PM,Carolina Hurricanes,New York Rangers
2016-11-29,7:00 PM,Tampa Bay Lightning,Columbus Blue Jackets
2016-11-29,8:30 PM,Florida Panthers,Chicago Blackhawks
2016-11-29,9:00 PM,Nashville Predators,Colorado Avalanche
2016-11-29,7:30 PM,Dallas Stars,Detroit Red Wings
2016-11-29,9:00 PM,Toronto Maple Leafs,Edmonton Oilers
2016-11-29,10:00 PM,Minnesota Wild,Vancouver Canucks
2016-11-29,8:00 PM,New Jersey Devils,Winnipeg Jets
2016-11-30,8:30 PM,Toronto Maple Leafs,Calgary Flames
2016-11-30,10:30 PM,San Jose Sharks,Los Angeles Kings
2016-11-30,8:00 PM,Pittsburgh Penguins,New York Islanders
2016-12-01,10:00 PM,Anaheim Ducks,Vancouver Canucks
2016-12-01,9:00 PM,Los Angeles Kings,Arizona Coyotes
2016-12-01,7:00 PM,Carolina Hurricanes,Boston Bruins
2016-12-01,7:00 PM,New York Rangers,Buffalo Sabres
2016-12-01,9:00 PM,Columbus Blue Jackets,Colorado Avalanche
2016-12-01,8:30 PM,New Jersey Devils,Chicago Blackhawks
2016-12-01,7:00 PM,Dallas Stars,Pittsburgh Penguins
2016-12-01,7:30 PM,Florida Panthers,Detroit Red Wings
2016-12-01,8:00 PM,Edmonton Oilers,Winnipeg Jets
2016-12-01,7:00 PM,New York Islanders,Washington Capitals
2016-12-01,7:30 PM,Philadelphia Flyers,Ottawa Senators
2016-12-01,8:00 PM,Tampa Bay Lightning,St. Louis Blues
2016-12-02,9:00 PM,Minnesota Wild,Calgary Flames
2016-12-02,10:30 PM,Montreal Canadiens,San Jose Sharks
2016-12-03,10:00 PM,Anaheim Ducks,Edmonton Oilers
2016-12-03,8:00 PM,Columbus Blue Jackets,Arizona Coyotes
2016-12-03,1:00 PM,Boston Bruins,Buffalo Sabres
2016-12-03,1:00 PM,Carolina Hurricanes,New York Rangers
2016-12-03,1:00 PM,Chicago Blackhawks,Philadelphia Flyers
2016-12-03,9:00 PM,Dallas Stars,Colorado Avalanche
2016-12-03,7:00 PM,Detroit Red Wings,Pittsburgh Penguins
2016-12-03,7:00 PM,Florida Panthers,Ottawa Senators
2016-12-03,2:00 PM,New Jersey Devils,Nashville Predators
2016-12-03,7:00 PM,Winnipeg Jets,St. Louis Blues
2016-12-03,7:00 PM,Washington Capitals,Tampa Bay Lightning
2016-12-03,7:00 PM,Toronto Maple Leafs,Vancouver Canucks
2016-12-04,9:30 PM,Anaheim Ducks,Calgary Flames
2016-12-04,5:00 PM,Tampa Bay Lightning,Carolina Hurricanes
2016-12-04,7:00 PM,Winnipeg Jets,Chicago Blackhawks
2016-12-04,6:00 PM,Detroit Red Wings,New York Islanders
2016-12-04,9:30 PM,Minnesota Wild,Edmonton Oilers
2016-12-04,10:30 PM,Montreal Canadiens,Los Angeles Kings
2016-12-04,6:00 PM,Philadelphia Flyers,Nashville Predators
2016-12-05,7:00 PM,Arizona Coyotes,Columbus Blue Jackets
2016-12-05,7:00 PM,Florida Panthers,Boston Bruins
2016-12-05,7:00 PM,Buffalo Sabres,Washington Capitals
2016-12-05,7:00 PM,Ottawa Senators,Pittsburgh Penguins
2016-12-06,8:30 PM,Arizona Coyotes,Chicago Blackhawks
2016-12-06,7:00 PM,Edmonton Oilers,Buffalo Sabres
2016-12-06,8:30 PM,Calgary Flames,Dallas Stars
2016-12-06,8:00 PM,Colorado Avalanche,Nashville Predators
2016-12-06,8:00 PM,Detroit Red Wings,Winnipeg Jets
2016-12-06,7:00 PM,Florida Panthers,Philadelphia Flyers
2016-12-06,8:00 PM,Montreal Canadiens,St. Louis Blues
2016-12-06,7:00 PM,Vancouver Canucks,New Jersey Devils
2016-12-06,7:00 PM,New York Rangers,New York Islanders
2016-12-07,10:30 PM,Carolina Hurricanes,Anaheim Ducks
2016-12-07,8:00 PM,Boston Bruins,Washington Capitals
2016-12-07,7:30 PM,Minnesota Wild,Toronto Maple Leafs
2016-12-07,10:30 PM,Ottawa Senators,San Jose Sharks
2016-12-08,9:00 PM,Calgary Flames,Arizona Coyotes
2016-12-08,7:00 PM,Colorado Avalanche,Boston Bruins
2016-12-08,10:30 PM,Carolina Hurricanes,Los Angeles Kings
2016-12-08,8:30 PM,Nashville Predators,Dallas Stars
2016-12-08,7:00 PM,Edmonton Oilers,Philadelphia Flyers
2016-12-08,7:30 PM,Pittsburgh Penguins,Florida Panthers
2016-12-08,7:30 PM,New Jersey Devils,Montreal Canadiens
2016-12-08,7:00 PM,St. Louis Blues,New York Islanders
2016-12-08,8:00 PM,New York Rangers,Winnipeg Jets
2016-12-08,7:30 PM,Vancouver Canucks,Tampa Bay Lightning
2016-12-09,10:00 PM,San Jose Sharks,Anaheim Ducks
2016-12-09,7:00 PM,Washington Capitals,Buffalo Sabres
2016-12-09,7:30 PM,Columbus Blue Jackets,Detroit Red Wings
2016-12-09,8:30 PM,New York Rangers,Chicago Blackhawks
2016-12-09,8:00 PM,Edmonton Oilers,Minnesota Wild
2016-12-09,7:30 PM,St. Louis Blues,New Jersey Devils
2016-12-10,8:00 PM,Nashville Predators,Arizona Coyotes
2016-12-10,7:00 PM,Toronto Maple Leafs,Boston Bruins
2016-12-10,10:30 PM,Carolina Hurricanes,San Jose Sharks
2016-12-10,7:00 PM,New York Islanders,Columbus Blue Jackets
2016-12-10,10:00 PM,Winnipeg Jets,Calgary Flames
2016-12-10,7:00 PM,Colorado Avalanche,Montreal Canadiens
2016-12-10,1:00 PM,Dallas Stars,Philadelphia Flyers
2016-12-10,7:00 PM,Vancouver Canucks,Florida Panthers
2016-12-10,4:00 PM,Ottawa Senators,Los Angeles Kings
2016-12-10,7:00 PM,Pittsburgh Penguins,Tampa Bay Lightning
2016-12-11,4:00 PM,Ottawa Senators,Anaheim Ducks
2016-12-11,7:00 PM,Dallas Stars,Chicago Blackhawks
2016-12-11,7:00 PM,Colorado Avalanche,Toronto Maple Leafs
2016-12-11,5:00 PM,Philadelphia Flyers,Detroit Red Wings
2016-12-11,9:30 PM,Winnipeg Jets,Edmonton Oilers
2016-12-11,6:00 PM,St. Louis Blues,Minnesota Wild
2016-12-11,7:00 PM,New Jersey Devils,New York Rangers
2016-12-11,5:00 PM,Vancouver Canucks,Washington Capitals
2016-12-12,7:00 PM,Arizona Coyotes,Pittsburgh Penguins
2016-12-12,7:30 PM,Boston Bruins,Montreal Canadiens
2016-12-13,8:30 PM,Anaheim Ducks,Dallas Stars
2016-12-13,7:30 PM,Arizona Coyotes,Detroit Red Wings
2016-12-13,7:00 PM,Los Angeles Kings,Buffalo Sabres
2016-12-13,7:00 PM,Vancouver Canucks,Carolina Hurricanes
2016-12-13,9:00 PM,Columbus Blue Jackets,Edmonton Oilers
2016-12-13,7:00 PM,Chicago Blackhawks,New York Rangers
2016-12-13,8:00 PM,Florida Panthers,Minnesota Wild
2016-12-13,8:00 PM,St. Louis Blues,Nashville Predators
2016-12-13,7:00 PM,Washington Capitals,New York Islanders
2016-12-13,7:30 PM,San Jose Sharks,Toronto Maple Leafs
2016-12-14,7:30 PM,Boston Bruins,Pittsburgh Penguins
2016-12-14,9:30 PM,Tampa Bay Lightning,Calgary Flames
2016-12-14,10:00 PM,Philadelphia Flyers,Colorado Avalanche
2016-12-14,7:00 PM,San Jose Sharks,Ottawa Senators
2016-12-15,7:00 PM,Anaheim Ducks,Boston Bruins
2016-12-15,7:30 PM,Arizona Coyotes,Toronto Maple Leafs
2016-12-15,7:00 PM,Chicago Blackhawks,New York Islanders
2016-12-15,8:30 PM,New York Rangers,Dallas Stars
2016-12-15,7:30 PM,Los Angeles Kings,Detroit Red Wings
2016-12-15,8:00 PM,Florida Panthers,Winnipeg Jets
2016-12-15,8:00 PM,Minnesota Wild,Nashville Predators
2016-12-15,8:00 PM,New Jersey Devils,St. Louis Blues
2016-12-16,7:00 PM,New York Islanders,Buffalo Sabres
2016-12-16,7:30 PM,Washington Capitals,Carolina Hurricanes
2016-12-16,9:00 PM,Columbus Blue Jackets,Calgary Flames
2016-12-16,9:00 PM,Florida Panthers,Colorado Avalanche
2016-12-16,7:00 PM,Los Angeles Kings,Pittsburgh Penguins
2016-12-16,7:30 PM,San Jose Sharks,Montreal Canadiens
2016-12-16,10:00 PM,Tampa Bay Lightning,Vancouver Canucks
2016-12-17,7:00 PM,Anaheim Ducks,Detroit Red Wings
2016-12-17,2:00 PM,Arizona Coyotes,Minnesota Wild
2016-12-17,7:00 PM,Buffalo Sabres,Carolina Hurricanes
2016-12-17,8:00 PM,Chicago Blackhawks,St. Louis Blues
2016-12-17,2:00 PM,Philadelphia Flyers,Dallas Stars
2016-12-17,10:00 PM,Tampa Bay Lightning,Edmonton Oilers
2016-12-17,7:00 PM,Montreal Canadiens,Washington Capitals
2016-12-17,7:00 PM,New Jersey Devils,Ottawa Senators
2016-12-17,8:00 PM,New York Rangers,Nashville Predators
2016-12-17,7:00 PM,Pittsburgh Penguins,Toronto Maple Leafs
2016-12-18,1:00 PM,Los Angeles Kings,Boston Bruins
2016-12-18,4:00 PM,Columbus Blue Jackets,Vancouver Canucks
2016-12-18,7:00 PM,San Jose Sharks,Chicago Blackhawks
2016-12-18,3:00 PM,Colorado Avalanche,Winnipeg Jets
2016-12-18,7:30 PM,New Jersey Devils,New York Rangers
2016-12-18,7:00 PM,Ottawa Senators,New York Islanders
2016-12-19,7:30 PM,Anaheim Ducks,Toronto Maple Leafs
2016-12-19,9:00 PM,Calgary Flames,Arizona Coyotes
2016-12-19,7:00 PM,Detroit Red Wings,Carolina Hurricanes
2016-12-19,8:00 PM,Edmonton Oilers,St. Louis Blues
2016-12-19,7:00 PM,Nashville Predators,Philadelphia Flyers
2016-12-20,7:30 PM,Anaheim Ducks,Montreal Canadiens
2016-12-20,7:00 PM,New York Islanders,Boston Bruins
2016-12-20,7:30 PM,Buffalo Sabres,Florida Panthers
2016-12-20,7:00 PM,Los Angeles Kings,Columbus Blue Jackets
2016-12-20,10:30 PM,Calgary Flames,San Jose Sharks
2016-12-20,8:30 PM,Ottawa Senators,Chicago Blackhawks
2016-12-20,8:00 PM,Colorado Avalanche,Minnesota Wild
2016-12-20,8:30 PM,St. Louis Blues,Dallas Stars
2016-12-20,7:30 PM,Detroit Red Wings,Tampa Bay Lightning
2016-12-20,7:00 PM,Nashville Predators,New Jersey Devils
2016-12-20,7:00 PM,New York Rangers,Pittsburgh Penguins
2016-12-20,10:00 PM,Winnipeg Jets,Vancouver Canucks
2016-12-21,9:30 PM,Edmonton Oilers,Arizona Coyotes
2016-12-21,8:00 PM,Washington Capitals,Philadelphia Flyers
2016-12-22,7:30 PM,Anaheim Ducks,Ottawa Senators
2016-12-22,7:30 PM,Boston Bruins,Florida Panthers
2016-12-22,7:00 PM,Carolina Hurricanes,Buffalo Sabres
2016-12-22,7:00 PM,Pittsburgh Penguins,Columbus Blue Jackets
2016-12-22,9:00 PM,Toronto Maple Leafs,Colorado Avalanche
2016-12-22,8:00 PM,Los Angeles Kings,Nashville Predators
2016-12-22,7:30 PM,Minnesota Wild,Montreal Canadiens
2016-12-22,7:00 PM,Philadelphia Flyers,New Jersey Devils
2016-12-22,7:30 PM,St. Louis Blues,Tampa Bay Lightning
2016-12-22,10:00 PM,Winnipeg Jets,Vancouver Canucks
2016-12-23,9:00 PM,Toronto Maple Leafs,Arizona Coyotes
2016-12-23,7:30 PM,Boston Bruins,Carolina Hurricanes
2016-12-23,7:00 PM,Buffalo Sabres,New York Islanders
2016-12-23,7:00 PM,Montreal Canadiens,Columbus Blue Jackets
2016-12-23,9:00 PM,Vancouver Canucks,Calgary Flames
2016-12-23,8:30 PM,Colorado Avalanche,Chicago Blackhawks
2016-12-23,8:30 PM,Los Angeles Kings,Dallas Stars
2016-12-23,7:30 PM,Detroit Red Wings,Florida Panthers
2016-12-23,10:30 PM,Edmonton Oilers,San Jose Sharks
2016-12-23,7:00 PM,Minnesota Wild,New York Rangers
2016-12-23,7:00 PM,New Jersey Devils,Pittsburgh Penguins
2016-12-23,7:00 PM,Tampa Bay Lightning,Washington Capitals
2016-12-27,10:00 PM,San Jose Sharks,Anaheim Ducks
2016-12-27,9:00 PM,Dallas Stars,Arizona Coyotes
2016-12-27,7:00 PM,Boston Bruins,Columbus Blue Jackets
2016-12-27,7:30 PM,Buffalo Sabres,Detroit Red Wings
2016-12-27,9:00 PM,Calgary Flames,Colorado Avalanche
2016-12-27,8:30 PM,Winnipeg Jets,Chicago Blackhawks
2016-12-27,8:00 PM,Minnesota Wild,Nashville Predators
2016-12-27,7:00 PM,Pittsburgh Penguins,New Jersey Devils
2016-12-27,7:00 PM,Washington Capitals,New York Islanders
2016-12-27,7:00 PM,Ottawa Senators,New York Rangers
2016-12-28,7:00 PM,Carolina Hurricanes,Pittsburgh Penguins
2016-12-28,7:00 PM,Toronto Maple Leafs,Florida Panthers
2016-12-28,10:00 PM,Los Angeles Kings,Vancouver Canucks
2016-12-28,7:30 PM,Montreal Canadiens,Tampa Bay Lightning
2016-12-28,8:00 PM,Philadelphia Flyers,St. Louis Blues
2016-12-29,9:00 PM,Anaheim Ducks,Calgary Flames
2016-12-29,9:00 PM,New York Rangers,Arizona Coyotes
2016-12-29,7:00 PM,Boston Bruins,Buffalo Sabres
2016-12-29,8:00 PM,Columbus Blue Jackets,Winnipeg Jets
2016-12-29,8:00 PM,Chicago Blackhawks,Nashville Predators
2016-12-29,8:30 PM,Colorado Avalanche,Dallas Stars
2016-12-29,7:30 PM,Detroit Red Wings,Ottawa Senators
2016-12-29,9:00 PM,Los Angeles Kings,Edmonton Oilers
2016-12-29,7:30 PM,Montreal Canadiens,Florida Panthers
2016-12-29,8:00 PM,New York Islanders,Minnesota Wild
2016-12-29,7:00 PM,New Jersey Devils,Washington Capitals
2016-12-29,7:30 PM,Toronto Maple Leafs,Tampa Bay Lightning
2016-12-30,10:00 PM,Anaheim Ducks,Vancouver Canucks
2016-12-30,7:30 PM,Chicago Blackhawks,Carolina Hurricanes
2016-12-30,8:00 PM,Nashville Predators,St. Louis Blues
2016-12-30,10:00 PM,Philadelphia Flyers,San Jose Sharks
2016-12-31,10:00 PM,Arizona Coyotes,Calgary Flames
2016-12-31,1:00 PM,Buffalo Sabres,Boston Bruins
2016-12-31,7:00 PM,Carolina Hurricanes,Tampa Bay Lightning
2016-12-31,6:00 PM,Columbus Blue Jackets,Minnesota Wild
2016-12-31,8:00 PM,New York Rangers,Colorado Avalanche
2016-12-31,8:00 PM,Florida Panthers,Dallas Stars
2016-12-31,10:00 PM,Vancouver Canucks,Edmonton Oilers
2016-12-31,10:30 PM,San Jose Sharks,Los Angeles Kings
2016-12-31,7:00 PM,Montreal Canadiens,Pittsburgh Penguins
2016-12-31,1:00 PM,Washington Capitals,New Jersey Devils
2016-12-31,7:00 PM,New York Islanders,Winnipeg Jets
2017-01-01,8:00 PM,Philadelphia Flyers,Anaheim Ducks
2017-01-01,3:00 PM,Detroit Red Wings,Toronto Maple Leafs
2017-01-01,7:30 PM,Ottawa Senators,Washington Capitals
2017-01-02,7:00 PM,Boston Bruins,New Jersey Devils
2017-01-02,1:00 PM,Chicago Blackhawks,St. Louis Blues
2017-01-02,10:00 PM,Colorado Avalanche,Vancouver Canucks
2017-01-03,7:00 PM,Buffalo Sabres,New York Rangers
2017-01-03,7:00 PM,New Jersey Devils,Carolina Hurricanes
2017-01-03,7:00 PM,Edmonton Oilers,Columbus Blue Jackets
2017-01-03,10:30 PM,Los Angeles Kings,San Jose Sharks
2017-01-03,8:00 PM,Montreal Canadiens,Nashville Predators
2017-01-03,7:30 PM,Winnipeg Jets,Tampa Bay Lightning
2017-01-03,7:00 PM,Toronto Maple Leafs,Washington Capitals
2017-01-04,10:30 PM,Detroit Red Wings,Anaheim Ducks
2017-01-04,10:00 PM,Arizona Coyotes,Vancouver Canucks
2017-01-04,10:00 PM,Colorado Avalanche,Calgary Flames
2017-01-04,8:00 PM,Montreal Canadiens,Dallas Stars
2017-01-04,7:00 PM,Winnipeg Jets,Florida Panthers
2017-01-04,8:00 PM,New York Rangers,Philadelphia Flyers
2017-01-05,7:00 PM,Edmonton Oilers,Boston Bruins
2017-01-05,8:30 PM,Buffalo Sabres,Chicago Blackhawks
2017-01-05,8:00 PM,Carolina Hurricanes,St. Louis Blues
2017-01-05,7:00 PM,Columbus Blue Jackets,Washington Capitals
2017-01-05,10:30 PM,Detroit Red Wings,Los Angeles Kings
2017-01-05,10:30 PM,Minnesota Wild,San Jose Sharks
2017-01-05,7:30 PM,Nashville Predators,Tampa Bay Lightning
2017-01-06,10:00 PM,Arizona Coyotes,Anaheim Ducks
2017-01-06,8:30 PM,Carolina Hurricanes,Chicago Blackhawks
2017-01-06,10:00 PM,Calgary Flames,Vancouver Canucks
2017-01-06,9:00 PM,New York Islanders,Colorado Avalanche
2017-01-06,7:30 PM,Nashville Predators,Florida Panthers
2017-01-06,7:30 PM,Toronto Maple Leafs,New Jersey Devils
2017-01-07,8:00 PM,New York Islanders,Arizona Coyotes
2017-01-07,7:00 PM,Boston Bruins,Florida Panthers
2017-01-07,1:00 PM,Winnipeg Jets,Buffalo Sabres
2017-01-07,7:00 PM,New York Rangers,Columbus Blue Jackets
2017-01-07,10:00 PM,Vancouver Canucks,Calgary Flames
2017-01-07,8:00 PM,Dallas Stars,St. Louis Blues
2017-01-07,10:30 PM,Detroit Red Wings,San Jose Sharks
2017-01-07,7:00 PM,Edmonton Oilers,New Jersey Devils
2017-01-07,4:00 PM,Minnesota Wild,Los Angeles Kings
2017-01-07,7:00 PM,Montreal Canadiens,Toronto Maple Leafs
2017-01-07,7:00 PM,Washington Capitals,Ottawa Senators
2017-01-07,1:00 PM,Tampa Bay Lightning,Philadelphia Flyers
2017-01-08,8:00 PM,Minnesota Wild,Anaheim Ducks
2017-01-08,5:00 PM,Boston Bruins,Carolina Hurricanes
2017-01-08,6:00 PM,Philadelphia Flyers,Columbus Blue Jackets
2017-01-08,7:00 PM,Nashville Predators,Chicago Blackhawks
2017-01-08,7:00 PM,Edmonton Oilers,Ottawa Senators
2017-01-08,1:00 PM,Tampa Bay Lightning,Pittsburgh Penguins
2017-01-09,8:00 PM,Calgary Flames,Winnipeg Jets
2017-01-09,10:30 PM,Dallas Stars,Los Angeles Kings
2017-01-09,7:00 PM,Florida Panthers,New Jersey Devils
2017-01-09,7:30 PM,Washington Capitals,Montreal Canadiens
2017-01-10,10:00 PM,Dallas Stars,Anaheim Ducks
2017-01-10,8:00 PM,Boston Bruins,St. Louis Blues
2017-01-10,7:00 PM,Philadelphia Flyers,Buffalo Sabres
2017-01-10,7:00 PM,Columbus Blue Jackets,Carolina Hurricanes
2017-01-10,8:30 PM,Detroit Red Wings,Chicago Blackhawks
2017-01-10,9:00 PM,San Jose Sharks,Edmonton Oilers
2017-01-10,8:00 PM,Vancouver Canucks,Nashville Predators
2017-01-11,9:30 PM,San Jose Sharks,Calgary Flames
2017-01-11,7:00 PM,Florida Panthers,New York Islanders
2017-01-11,7:30 PM,Montreal Canadiens,Winnipeg Jets
2017-01-11,8:00 PM,Pittsburgh Penguins,Washington Capitals
2017-01-12,9:00 PM,Anaheim Ducks,Colorado Avalanche
2017-01-12,8:00 PM,Boston Bruins,Nashville Predators
2017-01-12,7:30 PM,Buffalo Sabres,Tampa Bay Lightning
2017-01-12,8:30 PM,Detroit Red Wings,Dallas Stars
2017-01-12,9:00 PM,New Jersey Devils,Edmonton Oilers
2017-01-12,10:30 PM,St. Louis Blues,Los Angeles Kings
2017-01-12,8:00 PM,Montreal Canadiens,Minnesota Wild
2017-01-12,7:30 PM,Pittsburgh Penguins,Ottawa Senators
2017-01-12,7:00 PM,Vancouver Canucks,Philadelphia Flyers
2017-01-13,9:00 PM,Winnipeg Jets,Arizona Coyotes
2017-01-13,7:30 PM,Buffalo Sabres,Carolina Hurricanes
2017-01-13,7:30 PM,Columbus Blue Jackets,Tampa Bay Lightning
2017-01-13,9:00 PM,New Jersey Devils,Calgary Flames
2017-01-13,7:00 PM,Chicago Blackhawks,Washington Capitals
2017-01-13,7:30 PM,New York Islanders,Florida Panthers
2017-01-13,7:00 PM,Toronto Maple Leafs,New York Rangers
2017-01-14,8:00 PM,Anaheim Ducks,Arizona Coyotes
2017-01-14,1:00 PM,Philadelphia Flyers,Boston Bruins
2017-01-14,8:00 PM,New York Islanders,Carolina Hurricanes
2017-01-14,7:00 PM,Columbus Blue Jackets,Florida Panthers
2017-01-14,10:00 PM,Calgary Flames,Edmonton Oilers
2017-01-14,3:00 PM,Nashville Predators,Colorado Avalanche
2017-01-14,9:00 PM,Minnesota Wild,Dallas Stars
2017-01-14,7:00 PM,Pittsburgh Penguins,Detroit Red Wings
2017-01-14,10:00 PM,Winnipeg Jets,Los Angeles Kings
2017-01-14,7:00 PM,New York Rangers,Montreal Canadiens
2017-01-14,7:00 PM,Toronto Maple Leafs,Ottawa Senators
2017-01-14,10:30 PM,St. Louis Blues,San Jose Sharks
2017-01-15,9:00 PM,St. Louis Blues,Anaheim Ducks
2017-01-15,7:00 PM,Minnesota Wild,Chicago Blackhawks
2017-01-15,7:00 PM,New Jersey Devils,Vancouver Canucks
2017-01-15,12:30 PM,Philadelphia Flyers,Washington Capitals
2017-01-16,9:00 PM,Arizona Coyotes,Edmonton Oilers
2017-01-16,1:00 PM,New York Islanders,Boston Bruins
2017-01-16,1:00 PM,Dallas Stars,Buffalo Sabres
2017-01-16,3:00 PM,Montreal Canadiens,Detroit Red Wings
2017-01-16,4:00 PM,Tampa Bay Lightning,Los Angeles Kings
2017-01-16,7:00 PM,Washington Capitals,Pittsburgh Penguins
2017-01-16,4:00 PM,Winnipeg Jets,San Jose Sharks
2017-01-17,10:00 PM,Tampa Bay Lightning,Anaheim Ducks
2017-01-17,7:30 PM,Buffalo Sabres,Toronto Maple Leafs
2017-01-17,7:00 PM,Carolina Hurricanes,Columbus Blue Jackets
2017-01-17,9:00 PM,Florida Panthers,Calgary Flames
2017-01-17,9:00 PM,Chicago Blackhawks,Colorado Avalanche
2017-01-17,7:00 PM,Dallas Stars,New York Rangers
2017-01-17,8:00 PM,New Jersey Devils,Minnesota Wild
2017-01-17,10:00 PM,Nashville Predators,Vancouver Canucks
2017-01-17,8:00 PM,Ottawa Senators,St. Louis Blues
2017-01-18,7:30 PM,Arizona Coyotes,Winnipeg Jets
2017-01-18,8:00 PM,Boston Bruins,Detroit Red Wings
2017-01-18,9:30 PM,Florida Panthers,Edmonton Oilers
2017-01-18,10:30 PM,San Jose Sharks,Los Angeles Kings
2017-01-18,7:30 PM,Pittsburgh Penguins,Montreal Canadiens
2017-01-19,10:00 PM,Colorado Avalanche,Anaheim Ducks
2017-01-19,8:00 PM,Arizona Coyotes,Minnesota Wild
2017-01-19,7:00 PM,Ottawa Senators,Columbus Blue Jackets
2017-01-19,9:00 PM,Nashville Predators,Calgary Flames
2017-01-19,7:00 PM,Dallas Stars,New York Islanders
2017-01-19,7:30 PM,New York Rangers,Toronto Maple Leafs
2017-01-19,10:30 PM,Tampa Bay Lightning,San Jose Sharks
2017-01-19,8:00 PM,Washington Capitals,St. Louis Blues
2017-01-20,7:00 PM,Chicago Blackhawks,Boston Bruins
2017-01-20,7:00 PM,Detroit Red Wings,Buffalo Sabres
2017-01-20,7:00 PM,Pittsburgh Penguins,Carolina Hurricanes
2017-01-20,9:00 PM,Nashville Predators,Edmonton Oilers
2017-01-20,10:00 PM,Florida Panthers,Vancouver Canucks
2017-01-20,7:30 PM,Montreal Canadiens,New Jersey Devils
2017-01-21,9:00 PM,Anaheim Ducks,Minnesota Wild
2017-01-21,8:00 PM,Tampa Bay Lightning,Arizona Coyotes
2017-01-21,7:00 PM,Buffalo Sabres,Montreal Canadiens
2017-01-21,5:00 PM,Carolina Hurricanes,Columbus Blue Jackets
2017-01-21,10:00 PM,Edmonton Oilers,Calgary Flames
2017-01-21,10:30 PM,Colorado Avalanche,San Jose Sharks
2017-01-21,8:00 PM,Washington Capitals,Dallas Stars
2017-01-21,7:00 PM,Los Angeles Kings,New York Islanders
2017-01-21,7:00 PM,New Jersey Devils,Philadelphia Flyers
2017-01-21,7:00 PM,Ottawa Senators,Toronto Maple Leafs
2017-01-21,3:00 PM,St. Louis Blues,Winnipeg Jets
2017-01-22,12:30 PM,Boston Bruins,Pittsburgh Penguins
2017-01-22,5:00 PM,Columbus Blue Jackets,Ottawa Senators
2017-01-22,7:30 PM,Vancouver Canucks,Chicago Blackhawks
2017-01-22,3:00 PM,New York Rangers,Detroit Red Wings
2017-01-22,8:00 PM,Nashville Predators,Minnesota Wild
2017-01-22,6:00 PM,Philadelphia Flyers,New York Islanders
2017-01-23,8:00 PM,Anaheim Ducks,Winnipeg Jets
2017-01-23,9:00 PM,Florida Panthers,Arizona Coyotes
2017-01-23,7:00 PM,Carolina Hurricanes,Washington Capitals
2017-01-23,7:30 PM,Calgary Flames,Toronto Maple Leafs
2017-01-23,9:00 PM,San Jose Sharks,Colorado Avalanche
2017-01-23,7:00 PM,Los Angeles Kings,New York Rangers
2017-01-24,7:00 PM,Detroit Red Wings,Boston Bruins
2017-01-24,8:00 PM,Buffalo Sabres,Nashville Predators
2017-01-24,7:00 PM,Columbus Blue Jackets,New York Islanders
2017-01-24,7:30 PM,Calgary Flames,Montreal Canadiens
2017-01-24,8:30 PM,Tampa Bay Lightning,Chicago Blackhawks
2017-01-24,8:30 PM,Minnesota Wild,Dallas Stars
2017-01-24,7:00 PM,Los Angeles Kings,New Jersey Devils
2017-01-24,7:30 PM,Washington Capitals,Ottawa Senators
2017-01-24,7:00 PM,St. Louis Blues,Pittsburgh Penguins
2017-01-24,8:00 PM,San Jose Sharks,Winnipeg Jets
2017-01-25,10:00 PM,Edmonton Oilers,Anaheim Ducks
2017-01-25,9:30 PM,Vancouver Canucks,Colorado Avalanche
2017-01-25,7:00 PM,Toronto Maple Leafs,Detroit Red Wings
2017-01-25,8:00 PM,Philadelphia Flyers,New York Rangers
2017-01-26,9:00 PM,Vancouver Canucks,Arizona Coyotes
2017-01-26,7:00 PM,Pittsburgh Penguins,Boston Bruins
2017-01-26,8:30 PM,Buffalo Sabres,Dallas Stars
2017-01-26,7:00 PM,Los Angeles Kings,Carolina Hurricanes
2017-01-26,8:00 PM,Columbus Blue Jackets,Nashville Predators
2017-01-26,7:30 PM,Calgary Flames,Ottawa Senators
2017-01-26,8:30 PM,Winnipeg Jets,Chicago Blackhawks
2017-01-26,10:30 PM,Edmonton Oilers,San Jose Sharks
2017-01-26,7:30 PM,Tampa Bay Lightning,Florida Panthers
2017-01-26,8:00 PM,St. Louis Blues,Minnesota Wild
2017-01-26,7:00 PM,Montreal Canadiens,New York Islanders
2017-01-26,7:00 PM,Washington Capitals,New Jersey Devils
2017-01-26,7:00 PM,Toronto Maple Leafs,Philadelphia Flyers
2017-01-31,10:00 PM,Colorado Avalanche,Anaheim Ducks
2017-01-31,9:00 PM,Los Angeles Kings,Arizona Coyotes
2017-01-31,7:30 PM,Boston Bruins,Tampa Bay Lightning
2017-01-31,7:30 PM,Buffalo Sabres,Montreal Canadiens
2017-01-31,7:00 PM,Philadelphia Flyers,Carolina Hurricanes
2017-01-31,7:00 PM,Columbus Blue Jackets,New York Rangers
2017-01-31,10:30 PM,Chicago Blackhawks,San Jose Sharks
2017-01-31,8:30 PM,Toronto Maple Leafs,Dallas Stars
2017-01-31,7:30 PM,New Jersey Devils,Detroit Red Wings
2017-01-31,9:00 PM,Minnesota Wild,Edmonton Oilers
2017-01-31,7:30 PM,Ottawa Senators,Florida Panthers
2017-01-31,7:00 PM,Nashville Predators,Pittsburgh Penguins
2017-01-31,7:00 PM,Washington Capitals,New York Islanders
2017-01-31,8:00 PM,Winnipeg Jets,St. Louis Blues
2017-02-01,8:00 PM,Boston Bruins,Washington Capitals
2017-02-01,10:00 PM,Minnesota Wild,Calgary Flames
2017-02-01,10:30 PM,Colorado Avalanche,Los Angeles Kings
2017-02-02,9:00 PM,Chicago Blackhawks,Arizona Coyotes
2017-02-02,7:00 PM,New York Rangers,Buffalo Sabres
2017-02-02,8:30 PM,Winnipeg Jets,Dallas Stars
2017-02-02,8:00 PM,Edmonton Oilers,Nashville Predators
2017-02-02,7:00 PM,Montreal Canadiens,Philadelphia Flyers
2017-02-02,7:30 PM,Ottawa Senators,Tampa Bay Lightning
2017-02-02,10:00 PM,San Jose Sharks,Vancouver Canucks
2017-02-02,8:00 PM,Toronto Maple Leafs,St. Louis Blues
2017-02-03,7:30 PM,Anaheim Ducks,Florida Panthers
2017-02-03,7:30 PM,Edmonton Oilers,Carolina Hurricanes
2017-02-03,7:00 PM,Columbus Blue Jackets,Pittsburgh Penguins
2017-02-03,7:30 PM,Calgary Flames,New Jersey Devils
2017-02-03,7:30 PM,New York Islanders,Detroit Red Wings
2017-02-04,7:00 PM,Anaheim Ducks,Tampa Bay Lightning
2017-02-04,10:30 PM,Arizona Coyotes,San Jose Sharks
2017-02-04,7:00 PM,Toronto Maple Leafs,Boston Bruins
2017-02-04,7:00 PM,Ottawa Senators,Buffalo Sabres
2017-02-04,7:00 PM,Carolina Hurricanes,New York Islanders
2017-02-04,7:00 PM,New Jersey Devils,Columbus Blue Jackets
2017-02-04,8:00 PM,Chicago Blackhawks,Dallas Stars
2017-02-04,3:00 PM,Winnipeg Jets,Colorado Avalanche
2017-02-04,8:00 PM,Detroit Red Wings,Nashville Predators
2017-02-04,1:00 PM,Los Angeles Kings,Philadelphia Flyers
2017-02-04,10:00 PM,Minnesota Wild,Vancouver Canucks
2017-02-04,1:00 PM,Washington Capitals,Montreal Canadiens
2017-02-04,8:00 PM,Pittsburgh Penguins,St. Louis Blues
2017-02-05,2:00 PM,Calgary Flames,New York Rangers
2017-02-05,1:00 PM,Edmonton Oilers,Montreal Canadiens
2017-02-05,12:00 PM,Los Angeles Kings,Washington Capitals
2017-02-06,7:00 PM,Buffalo Sabres,New Jersey Devils
2017-02-06,7:00 PM,Toronto Maple Leafs,New York Islanders
2017-02-06,7:00 PM,St. Louis Blues,Philadelphia Flyers
2017-02-07,7:00 PM,Anaheim Ducks,New York Rangers
2017-02-07,7:00 PM,San Jose Sharks,Buffalo Sabres
2017-02-07,7:00 PM,Carolina Hurricanes,Washington Capitals
2017-02-07,7:30 PM,Columbus Blue Jackets,Detroit Red Wings
2017-02-07,7:00 PM,Calgary Flames,Pittsburgh Penguins
2017-02-07,9:00 PM,Montreal Canadiens,Colorado Avalanche
2017-02-07,7:30 PM,Dallas Stars,Toronto Maple Leafs
2017-02-07,7:30 PM,Los Angeles Kings,Tampa Bay Lightning
2017-02-07,8:00 PM,Minnesota Wild,Winnipeg Jets
2017-02-07,8:00 PM,Vancouver Canucks,Nashville Predators
2017-02-07,7:30 PM,St. Louis Blues,Ottawa Senators
2017-02-08,8:00 PM,Chicago Blackhawks,Minnesota Wild
2017-02-09,7:00 PM,Anaheim Ducks,Buffalo Sabres
2017-02-09,9:00 PM,Montreal Canadiens,Arizona Coyotes
2017-02-09,7:00 PM,San Jose Sharks,Boston Bruins
2017-02-09,7:00 PM,Vancouver Canucks,Columbus Blue Jackets
2017-02-09,9:00 PM,Pittsburgh Penguins,Colorado Avalanche
2017-02-09,7:30 PM,Dallas Stars,Ottawa Senators
2017-02-09,7:00 PM,Detroit Red Wings,Washington Capitals
2017-02-09,7:30 PM,Los Angeles Kings,Florida Panthers
2017-02-09,7:00 PM,Nashville Predators,New York Rangers
2017-02-09,7:00 PM,New York Islanders,Philadelphia Flyers
2017-02-09,7:30 PM,St. Louis Blues,Toronto Maple Leafs
2017-02-10,8:00 PM,Chicago Blackhawks,Winnipeg Jets
2017-02-10,8:00 PM,Tampa Bay Lightning,Minnesota Wild
2017-02-11,7:00 PM,Anaheim Ducks,Washington Capitals
2017-02-11,8:00 PM,Pittsburgh Penguins,Arizona Coyotes
2017-02-11,1:00 PM,Vancouver Canucks,Boston Bruins
2017-02-11,7:00 PM,Buffalo Sabres,Toronto Maple Leafs
2017-02-11,2:00 PM,Carolina Hurricanes,Dallas Stars
2017-02-11,5:00 PM,Detroit Red Wings,Columbus Blue Jackets
2017-02-11,10:00 PM,Chicago Blackhawks,Edmonton Oilers
2017-02-11,7:00 PM,Colorado Avalanche,New York Rangers
2017-02-11,2:00 PM,Florida Panthers,Nashville Predators
2017-02-11,7:00 PM,St. Louis Blues,Montreal Canadiens
2017-02-11,1:00 PM,New York Islanders,Ottawa Senators
2017-02-11,1:00 PM,San Jose Sharks,Philadelphia Flyers
2017-02-11,7:00 PM,Tampa Bay Lightning,Winnipeg Jets
2017-02-12,7:30 PM,Montreal Canadiens,Boston Bruins
2017-02-12,7:30 PM,Vancouver Canucks,Buffalo Sabres
2017-02-12,6:00 PM,Colorado Avalanche,New York Islanders
2017-02-12,6:00 PM,Dallas Stars,Nashville Predators
2017-02-12,3:00 PM,Detroit Red Wings,Minnesota Wild
2017-02-12,12:30 PM,San Jose Sharks,New Jersey Devils
2017-02-13,9:00 PM,Arizona Coyotes,Calgary Flames
2017-02-13,7:00 PM,New York Rangers,Columbus Blue Jackets
2017-02-14,8:00 PM,Anaheim Ducks,Minnesota Wild
2017-02-14,9:00 PM,Arizona Coyotes,Edmonton Oilers
2017-02-14,7:30 PM,Buffalo Sabres,Ottawa Senators
2017-02-14,7:00 PM,Colorado Avalanche,New Jersey Devils
2017-02-14,8:00 PM,Dallas Stars,Winnipeg Jets
2017-02-14,7:30 PM,New York Islanders,Toronto Maple Leafs
2017-02-14,7:00 PM,Vancouver Canucks,Pittsburgh Penguins
2017-02-15,7:00 PM,Toronto Maple Leafs,Columbus Blue Jackets
2017-02-15,9:30 PM,Philadelphia Flyers,Calgary Flames
2017-02-15,8:00 PM,St. Louis Blues,Detroit Red Wings
2017-02-15,10:30 PM,Florida Panthers,San Jose Sharks
2017-02-16,10:30 PM,Arizona Coyotes,Los Angeles Kings
2017-02-16,7:00 PM,Colorado Avalanche,Buffalo Sabres
2017-02-16,8:00 PM,Dallas Stars,Minnesota Wild
2017-02-16,9:00 PM,Philadelphia Flyers,Edmonton Oilers
2017-02-16,7:00 PM,Ottawa Senators,New Jersey Devils
2017-02-16,7:00 PM,New York Rangers,New York Islanders
2017-02-16,7:00 PM,Winnipeg Jets,Pittsburgh Penguins
2017-02-16,8:00 PM,Vancouver Canucks,St. Louis Blues
2017-02-17,10:00 PM,Florida Panthers,Anaheim Ducks
2017-02-17,7:30 PM,Colorado Avalanche,Carolina Hurricanes
2017-02-17,7:00 PM,Pittsburgh Penguins,Columbus Blue Jackets
2017-02-18,8:00 PM,San Jose Sharks,Arizona Coyotes
2017-02-18,1:00 PM,St. Louis Blues,Buffalo Sabres
2017-02-18,10:00 PM,Calgary Flames,Vancouver Canucks
2017-02-18,7:00 PM,Edmonton Oilers,Chicago Blackhawks
2017-02-18,8:00 PM,Tampa Bay Lightning,Dallas Stars
2017-02-18,2:00 PM,Washington Capitals,Detroit Red Wings
2017-02-18,10:00 PM,Florida Panthers,Los Angeles Kings
2017-02-18,8:00 PM,Nashville Predators,Minnesota Wild
2017-02-18,2:00 PM,Winnipeg Jets,Montreal Canadiens
2017-02-18,7:00 PM,New York Islanders,New Jersey Devils
2017-02-18,7:00 PM,Ottawa Senators,Toronto Maple Leafs
2017-02-19,9:00 PM,Los Angeles Kings,Anaheim Ducks
2017-02-19,8:30 PM,Boston Bruins,San Jose Sharks
2017-02-19,6:00 PM,Chicago Blackhawks,Buffalo Sabres
2017-02-19,7:30 PM,Toronto Maple Leafs,Carolina Hurricanes
2017-02-19,6:00 PM,Nashville Predators,Columbus Blue Jackets
2017-02-19,8:00 PM,Tampa Bay Lightning,Colorado Avalanche
2017-02-19,3:00 PM,Detroit Red Wings,Pittsburgh Penguins
2017-02-19,6:00 PM,New Jersey Devils,New York Islanders
2017-02-19,12:30 PM,Washington Capitals,New York Rangers
2017-02-19,5:00 PM,Winnipeg Jets,Ottawa Senators
2017-02-19,10:00 PM,Philadelphia Flyers,Vancouver Canucks
2017-02-20,9:00 PM,Anaheim Ducks,Arizona Coyotes
2017-02-20,8:00 PM,Florida Panthers,St. Louis Blues
2017-02-21,7:00 PM,Pittsburgh Penguins,Carolina Hurricanes
2017-02-21,8:00 PM,Calgary Flames,Nashville Predators
2017-02-21,8:00 PM,Chicago Blackhawks,Minnesota Wild
2017-02-21,9:00 PM,Los Angeles Kings,Colorado Avalanche
2017-02-21,7:30 PM,New York Islanders,Detroit Red Wings
2017-02-21,7:30 PM,Edmonton Oilers,Tampa Bay Lightning
2017-02-21,7:00 PM,Montreal Canadiens,New York Rangers
2017-02-21,7:00 PM,Ottawa Senators,New Jersey Devils
2017-02-21,7:30 PM,Winnipeg Jets,Toronto Maple Leafs
2017-02-22,10:30 PM,Boston Bruins,Anaheim Ducks
2017-02-22,7:30 PM,Edmonton Oilers,Florida Panthers
2017-02-22,8:00 PM,Washington Capitals,Philadelphia Flyers
2017-02-23,8:30 PM,Arizona Coyotes,Chicago Blackhawks
2017-02-23,10:30 PM,Boston Bruins,Los Angeles Kings
2017-02-23,7:30 PM,Calgary Flames,Tampa Bay Lightning
2017-02-23,8:00 PM,Colorado Avalanche,Nashville Predators
2017-02-23,7:30 PM,New York Islanders,Montreal Canadiens
2017-02-23,7:30 PM,New York Rangers,Toronto Maple Leafs
2017-02-24,8:30 PM,Arizona Coyotes,Dallas Stars
2017-02-24,7:30 PM,Ottawa Senators,Carolina Hurricanes
2017-02-24,7:30 PM,Calgary Flames,Florida Panthers
2017-02-24,7:00 PM,Edmonton Oilers,Washington Capitals
2017-02-25,4:00 PM,Anaheim Ducks,Los Angeles Kings
2017-02-25,10:00 PM,Buffalo Sabres,Colorado Avalanche
2017-02-25,5:00 PM,New York Islanders,Columbus Blue Jackets
2017-02-25,7:00 PM,Montreal Canadiens,Toronto Maple Leafs
2017-02-25,5:00 PM,New York Rangers,New Jersey Devils
2017-02-25,5:00 PM,Washington Capitals,Nashville Predators
2017-02-25,8:00 PM,Philadelphia Flyers,Pittsburgh Penguins
2017-02-25,10:00 PM,San Jose Sharks,Vancouver Canucks
2017-02-26,8:30 PM,Buffalo Sabres,Arizona Coyotes
2017-02-26,12:30 PM,Boston Bruins,Dallas Stars
2017-02-26,3:00 PM,Calgary Flames,Carolina Hurricanes
2017-02-26,5:00 PM,Columbus Blue Jackets,New York Rangers
2017-02-26,7:30 PM,St. Louis Blues,Chicago Blackhawks
2017-02-26,5:00 PM,Edmonton Oilers,Nashville Predators
2017-02-26,7:30 PM,Ottawa Senators,Florida Panthers
2017-02-27,8:00 PM,Los Angeles Kings,Minnesota Wild
2017-02-27,7:00 PM,Montreal Canadiens,New Jersey Devils
2017-02-27,7:30 PM,Ottawa Senators,Tampa Bay Lightning
2017-02-28,7:00 PM,Arizona Coyotes,Boston Bruins
2017-02-28,7:00 PM,Nashville Predators,Buffalo Sabres
2017-02-28,7:30 PM,Carolina Hurricanes,Florida Panthers
2017-02-28,7:30 PM,Columbus Blue Jackets,Montreal Canadiens
2017-02-28,9:00 PM,Los Angeles Kings,Calgary Flames
2017-02-28,7:00 PM,Colorado Avalanche,Philadelphia Flyers
2017-02-28,8:30 PM,Pittsburgh Penguins,Dallas Stars
2017-02-28,10:00 PM,Detroit Red Wings,Vancouver Canucks
2017-02-28,8:00 PM,Edmonton Oilers,St. Louis Blues
2017-02-28,8:00 PM,Minnesota Wild,Winnipeg Jets
2017-02-28,7:00 PM,Washington Capitals,New York Rangers
2017-02-28,10:30 PM,Toronto Maple Leafs,San Jose Sharks
2017-03-01,7:00 PM,Carolina Hurricanes,Tampa Bay Lightning
2017-03-01,8:00 PM,Pittsburgh Penguins,Chicago Blackhawks
2017-03-02,7:00 PM,Arizona Coyotes,Buffalo Sabres
2017-03-02,7:00 PM,New York Rangers,Boston Bruins
2017-03-02,7:00 PM,Minnesota Wild,Columbus Blue Jackets
2017-03-02,7:30 PM,Colorado Avalanche,Ottawa Senators
2017-03-02,8:30 PM,New York Islanders,Dallas Stars
2017-03-02,7:00 PM,Florida Panthers,Philadelphia Flyers
2017-03-02,10:30 PM,Toronto Maple Leafs,Los Angeles Kings
2017-03-02,7:30 PM,Nashville Predators,Montreal Canadiens
2017-03-02,7:00 PM,New Jersey Devils,Washington Capitals
2017-03-02,10:30 PM,Vancouver Canucks,San Jose Sharks
2017-03-03,10:00 PM,Toronto Maple Leafs,Anaheim Ducks
2017-03-03,7:30 PM,Arizona Coyotes,Carolina Hurricanes
2017-03-03,9:00 PM,Detroit Red Wings,Calgary Flames
2017-03-03,8:30 PM,New York Islanders,Chicago Blackhawks
2017-03-03,7:00 PM,Tampa Bay Lightning,Pittsburgh Penguins
2017-03-03,8:00 PM,St. Louis Blues,Winnipeg Jets
2017-03-04,7:00 PM,New Jersey Devils,Boston Bruins
2017-03-04,7:00 PM,Tampa Bay Lightning,Buffalo Sabres
2017-03-04,7:00 PM,Columbus Blue Jackets,Ottawa Senators
2017-03-04,8:00 PM,Chicago Blackhawks,Nashville Predators
2017-03-04,7:00 PM,Colorado Avalanche,Winnipeg Jets
2017-03-04,7:00 PM,Dallas Stars,Florida Panthers
2017-03-04,10:00 PM,Detroit Red Wings,Edmonton Oilers
2017-03-04,10:00 PM,Vancouver Canucks,Los Angeles Kings
2017-03-04,7:00 PM,Montreal Canadiens,New York Rangers
2017-03-04,7:00 PM,Philadelphia Flyers,Washington Capitals
2017-03-05,8:00 PM,Vancouver Canucks,Anaheim Ducks
2017-03-05,8:30 PM,Carolina Hurricanes,Arizona Coyotes
2017-03-05,5:00 PM,Buffalo Sabres,Pittsburgh Penguins
2017-03-05,5:00 PM,Columbus Blue Jackets,New Jersey Devils
2017-03-05,4:00 PM,New York Islanders,Calgary Flames
2017-03-05,8:00 PM,St. Louis Blues,Colorado Avalanche
2017-03-05,6:00 PM,San Jose Sharks,Minnesota Wild
2017-03-06,7:30 PM,Boston Bruins,Ottawa Senators
2017-03-06,7:00 PM,Dallas Stars,Washington Capitals
2017-03-06,7:30 PM,New York Rangers,Tampa Bay Lightning
2017-03-06,8:00 PM,San Jose Sharks,Winnipeg Jets
2017-03-07,10:00 PM,Nashville Predators,Anaheim Ducks
2017-03-07,7:00 PM,Philadelphia Flyers,Buffalo Sabres
2017-03-07,9:00 PM,Carolina Hurricanes,Colorado Avalanche
2017-03-07,7:00 PM,New Jersey Devils,Columbus Blue Jackets
2017-03-07,7:30 PM,Detroit Red Wings,Toronto Maple Leafs
2017-03-07,9:00 PM,New York Islanders,Edmonton Oilers
2017-03-07,7:30 PM,New York Rangers,Florida Panthers
2017-03-07,8:00 PM,St. Louis Blues,Minnesota Wild
2017-03-07,10:00 PM,Montreal Canadiens,Vancouver Canucks
2017-03-08,8:00 PM,Detroit Red Wings,Boston Bruins
2017-03-08,8:00 PM,Ottawa Senators,Dallas Stars
2017-03-08,8:00 PM,Pittsburgh Penguins,Winnipeg Jets
2017-03-09,8:30 PM,Anaheim Ducks,Chicago Blackhawks
2017-03-09,9:00 PM,Ottawa Senators,Arizona Coyotes
2017-03-09,7:00 PM,New York Rangers,Carolina Hurricanes
2017-03-09,9:00 PM,Montreal Canadiens,Calgary Flames
2017-03-09,9:00 PM,New Jersey Devils,Colorado Avalanche
2017-03-09,10:30 PM,Nashville Predators,Los Angeles Kings
2017-03-09,7:30 PM,Minnesota Wild,Tampa Bay Lightning
2017-03-09,10:00 PM,New York Islanders,Vancouver Canucks
2017-03-09,7:30 PM,Philadelphia Flyers,Toronto Maple Leafs
2017-03-09,10:30 PM,Washington Capitals,San Jose Sharks
2017-03-10,8:00 PM,Anaheim Ducks,St. Louis Blues
2017-03-10,7:00 PM,Buffalo Sabres,Columbus Blue Jackets
2017-03-10,7:30 PM,Chicago Blackhawks,Detroit Red Wings
2017-03-10,9:00 PM,Pittsburgh Penguins,Edmonton Oilers
2017-03-10,7:30 PM,Minnesota Wild,Florida Panthers
2017-03-11,8:00 PM,New Jersey Devils,Arizona Coyotes
2017-03-11,1:00 PM,Philadelphia Flyers,Boston Bruins
2017-03-11,7:00 PM,Columbus Blue Jackets,Buffalo Sabres
2017-03-11,7:00 PM,Toronto Maple Leafs,Carolina Hurricanes
2017-03-11,7:00 PM,Calgary Flames,Winnipeg Jets
2017-03-11,7:00 PM,Ottawa Senators,Colorado Avalanche
2017-03-11,7:00 PM,Florida Panthers,Tampa Bay Lightning
2017-03-11,10:30 PM,Washington Capitals,Los Angeles Kings
2017-03-11,4:00 PM,Nashville Predators,San Jose Sharks
2017-03-11,8:00 PM,New York Islanders,St. Louis Blues
2017-03-11,10:00 PM,Pittsburgh Penguins,Vancouver Canucks
2017-03-12,9:30 PM,Washington Capitals,Anaheim Ducks
2017-03-12,7:00 PM,Minnesota Wild,Chicago Blackhawks
2017-03-12,10:00 PM,Dallas Stars,San Jose Sharks
2017-03-12,12:30 PM,New York Rangers,Detroit Red Wings
2017-03-12,7:00 PM,Montreal Canadiens,Edmonton Oilers
2017-03-13,10:00 PM,Colorado Avalanche,Arizona Coyotes
2017-03-13,10:00 PM,Boston Bruins,Vancouver Canucks
2017-03-13,7:00 PM,Carolina Hurricanes,New York Islanders
2017-03-13,7:00 PM,Columbus Blue Jackets,Philadelphia Flyers
2017-03-13,9:00 PM,Pittsburgh Penguins,Calgary Flames
2017-03-13,10:00 PM,St. Louis Blues,Los Angeles Kings
2017-03-13,8:00 PM,Winnipeg Jets,Nashville Predators
2017-03-13,7:00 PM,Tampa Bay Lightning,New York Rangers
2017-03-14,10:30 PM,Arizona Coyotes,Los Angeles Kings
2017-03-14,10:30 PM,Buffalo Sabres,San Jose Sharks
2017-03-14,7:00 PM,New York Islanders,Carolina Hurricanes
2017-03-14,7:30 PM,Chicago Blackhawks,Montreal Canadiens
2017-03-14,9:00 PM,Dallas Stars,Edmonton Oilers
2017-03-14,7:30 PM,Toronto Maple Leafs,Florida Panthers
2017-03-14,7:00 PM,Minnesota Wild,Washington Capitals
2017-03-14,7:00 PM,Winnipeg Jets,New Jersey Devils
2017-03-14,7:30 PM,Tampa Bay Lightning,Ottawa Senators
2017-03-15,10:00 PM,St. Louis Blues,Anaheim Ducks
2017-03-15,9:00 PM,Boston Bruins,Calgary Flames
2017-03-15,10:00 PM,Detroit Red Wings,Colorado Avalanche
2017-03-15,7:30 PM,Pittsburgh Penguins,Philadelphia Flyers
2017-03-16,10:00 PM,Detroit Red Wings,Arizona Coyotes
2017-03-16,9:00 PM,Boston Bruins,Edmonton Oilers
2017-03-16,10:30 PM,Buffalo Sabres,Los Angeles Kings
2017-03-16,7:00 PM,Minnesota Wild,Carolina Hurricanes
2017-03-16,7:00 PM,Florida Panthers,Columbus Blue Jackets
2017-03-16,7:30 PM,Chicago Blackhawks,Ottawa Senators
2017-03-16,10:00 PM,Dallas Stars,Vancouver Canucks
2017-03-16,7:00 PM,Philadelphia Flyers,New Jersey Devils
2017-03-16,7:00 PM,Nashville Predators,Washington Capitals
2017-03-16,7:00 PM,Winnipeg Jets,New York Islanders
2017-03-16,10:30 PM,St. Louis Blues,San Jose Sharks
2017-03-16,7:30 PM,Toronto Maple Leafs,Tampa Bay Lightning
2017-03-17,10:00 PM,Buffalo Sabres,Anaheim Ducks
2017-03-17,9:00 PM,Dallas Stars,Calgary Flames
2017-03-17,7:00 PM,Florida Panthers,New York Rangers
2017-03-17,7:00 PM,New Jersey Devils,Pittsburgh Penguins
2017-03-18,10:30 PM,Anaheim Ducks,San Jose Sharks
2017-03-18,9:00 PM,St. Louis Blues,Arizona Coyotes
2017-03-18,7:00 PM,Nashville Predators,Carolina Hurricanes
2017-03-18,1:00 PM,Columbus Blue Jackets,New York Islanders
2017-03-18,7:00 PM,Chicago Blackhawks,Toronto Maple Leafs
2017-03-18,1:00 PM,Colorado Avalanche,Detroit Red Wings
2017-03-18,10:00 PM,Vancouver Canucks,Edmonton Oilers
2017-03-18,7:00 PM,New York Rangers,Minnesota Wild
2017-03-18,7:00 PM,Montreal Canadiens,Ottawa Senators
2017-03-18,7:00 PM,Washington Capitals,Tampa Bay Lightning
2017-03-19,7:00 PM,Carolina Hurricanes,Philadelphia Flyers
2017-03-19,1:00 PM,Columbus Blue Jackets,New Jersey Devils
2017-03-19,9:30 PM,Los Angeles Kings,Calgary Flames
2017-03-19,7:00 PM,Colorado Avalanche,Chicago Blackhawks
2017-03-19,1:00 PM,Florida Panthers,Pittsburgh Penguins
2017-03-19,5:00 PM,Minnesota Wild,Winnipeg Jets
2017-03-19,7:30 PM,Ottawa Senators,Montreal Canadiens
2017-03-20,8:00 PM,Arizona Coyotes,Nashville Predators
2017-03-20,7:30 PM,Boston Bruins,Toronto Maple Leafs
2017-03-20,7:30 PM,Buffalo Sabres,Detroit Red Wings
2017-03-20,8:30 PM,San Jose Sharks,Dallas Stars
2017-03-20,9:00 PM,Los Angeles Kings,Edmonton Oilers
2017-03-21,7:30 PM,Arizona Coyotes,Tampa Bay Lightning
2017-03-21,7:00 PM,Ottawa Senators,Boston Bruins
2017-03-21,7:00 PM,Pittsburgh Penguins,Buffalo Sabres
2017-03-21,7:30 PM,Carolina Hurricanes,Florida Panthers
2017-03-21,7:00 PM,Calgary Flames,Washington Capitals
2017-03-21,8:30 PM,Vancouver Canucks,Chicago Blackhawks
2017-03-21,9:00 PM,St. Louis Blues,Colorado Avalanche
2017-03-21,7:30 PM,Detroit Red Wings,Montreal Canadiens
2017-03-21,8:00 PM,San Jose Sharks,Minnesota Wild
2017-03-21,7:00 PM,New York Rangers,New Jersey Devils
2017-03-21,8:00 PM,Philadelphia Flyers,Winnipeg Jets
2017-03-22,10:00 PM,Edmonton Oilers,Anaheim Ducks
2017-03-22,7:00 PM,Toronto Maple Leafs,Columbus Blue Jackets
2017-03-22,8:00 PM,New York Islanders,New York Rangers
2017-03-23,7:30 PM,Arizona Coyotes,Florida Panthers
2017-03-23,7:00 PM,Tampa Bay Lightning,Boston Bruins
2017-03-23,7:30 PM,Carolina Hurricanes,Montreal Canadiens
2017-03-23,7:00 PM,Columbus Blue Jackets,Washington Capitals
2017-03-23,8:00 PM,Calgary Flames,Nashville Predators
2017-03-23,8:30 PM,Dallas Stars,Chicago Blackhawks
2017-03-23,9:00 PM,Edmonton Oilers,Colorado Avalanche
2017-03-23,10:30 PM,Winnipeg Jets,Los Angeles Kings
2017-03-23,8:00 PM,Philadelphia Flyers,Minnesota Wild
2017-03-23,7:30 PM,New Jersey Devils,Toronto Maple Leafs
2017-03-23,7:30 PM,Pittsburgh Penguins,Ottawa Senators
2017-03-23,8:00 PM,Vancouver Canucks,St. Louis Blues
2017-03-24,10:00 PM,Winnipeg Jets,Anaheim Ducks
2017-03-24,8:30 PM,San Jose Sharks,Dallas Stars
2017-03-24,7:30 PM,Tampa Bay Lightning,Detroit Red Wings
2017-03-24,7:00 PM,New York Islanders,Pittsburgh Penguins
2017-03-25,7:00 PM,Arizona Coyotes,Washington Capitals
2017-03-25,7:00 PM,Boston Bruins,New York Islanders
2017-03-25,7:00 PM,Toronto Maple Leafs,Buffalo Sabres
2017-03-25,7:00 PM,Carolina Hurricanes,New Jersey Devils
2017-03-25,2:00 PM,Philadelphia Flyers,Columbus Blue Jackets
2017-03-25,7:00 PM,Calgary Flames,St. Louis Blues
2017-03-25,7:00 PM,Chicago Blackhawks,Florida Panthers
2017-03-25,10:00 PM,Colorado Avalanche,Edmonton Oilers
2017-03-25,10:30 PM,New York Rangers,Los Angeles Kings
2017-03-25,2:00 PM,Vancouver Canucks,Minnesota Wild
2017-03-25,7:00 PM,Ottawa Senators,Montreal Canadiens
2017-03-25,8:00 PM,San Jose Sharks,Nashville Predators
2017-03-26,9:00 PM,New York Rangers,Anaheim Ducks
2017-03-26,5:00 PM,Dallas Stars,New Jersey Devils
2017-03-26,7:00 PM,Minnesota Wild,Detroit Red Wings
2017-03-26,12:30 PM,Philadelphia Flyers,Pittsburgh Penguins
2017-03-26,8:00 PM,Vancouver Canucks,Winnipeg Jets
2017-03-27,8:00 PM,Arizona Coyotes,St. Louis Blues
2017-03-27,7:00 PM,Florida Panthers,Buffalo Sabres
2017-03-27,9:00 PM,Colorado Avalanche,Calgary Flames
2017-03-27,7:30 PM,Chicago Blackhawks,Tampa Bay Lightning
2017-03-27,7:00 PM,Nashville Predators,New York Islanders
2017-03-28,10:00 PM,Anaheim Ducks,Vancouver Canucks
2017-03-28,7:00 PM,Nashville Predators,Boston Bruins
2017-03-28,7:00 PM,Buffalo Sabres,Columbus Blue Jackets
2017-03-28,7:00 PM,Detroit Red Wings,Carolina Hurricanes
2017-03-28,7:30 PM,Dallas Stars,Montreal Canadiens
2017-03-28,9:00 PM,Los Angeles Kings,Edmonton Oilers
2017-03-28,7:30 PM,Florida Panthers,Toronto Maple Leafs
2017-03-28,8:00 PM,Washington Capitals,Minnesota Wild
2017-03-28,10:30 PM,New York Rangers,San Jose Sharks
2017-03-28,7:00 PM,Ottawa Senators,Philadelphia Flyers
2017-03-29,10:30 PM,St. Louis Blues,Arizona Coyotes
2017-03-29,9:00 PM,Los Angeles Kings,Calgary Flames
2017-03-29,8:00 PM,Chicago Blackhawks,Pittsburgh Penguins
2017-03-29,10:00 PM,Washington Capitals,Colorado Avalanche
2017-03-30,8:00 PM,Anaheim Ducks,Winnipeg Jets
2017-03-30,7:00 PM,Dallas Stars,Boston Bruins
2017-03-30,7:00 PM,Columbus Blue Jackets,Carolina Hurricanes
2017-03-30,7:30 PM,Detroit Red Wings,Tampa Bay Lightning
2017-03-30,9:00 PM,San Jose Sharks,Edmonton Oilers
2017-03-30,7:30 PM,Florida Panthers,Montreal Canadiens
2017-03-30,8:00 PM,Ottawa Senators,Minnesota Wild
2017-03-30,8:00 PM,Toronto Maple Leafs,Nashville Predators
2017-03-30,7:00 PM,New York Islanders,Philadelphia Flyers
2017-03-31,10:00 PM,Washington Capitals,Arizona Coyotes
2017-03-31,8:30 PM,Columbus Blue Jackets,Chicago Blackhawks
2017-03-31,9:00 PM,San Jose Sharks,Calgary Flames
2017-03-31,9:00 PM,St. Louis Blues,Colorado Avalanche
2017-03-31,10:00 PM,Los Angeles Kings,Vancouver Canucks
2017-03-31,7:30 PM,New Jersey Devils,New York Islanders
2017-03-31,7:00 PM,Pittsburgh Penguins,New York Rangers
2017-04-01,10:00 PM,Anaheim Ducks,Edmonton Oilers
2017-04-01,1:00 PM,Florida Panthers,Boston Bruins
2017-04-01,7:00 PM,Dallas Stars,Carolina Hurricanes
2017-04-01,7:00 PM,Toronto Maple Leafs,Detroit Red Wings
2017-04-01,2:00 PM,Minnesota Wild,Nashville Predators
2017-04-01,7:00 PM,Montreal Canadiens,Tampa Bay Lightning
2017-04-01,7:00 PM,New Jersey Devils,Philadelphia Flyers
2017-04-01,7:00 PM,Ottawa Senators,Winnipeg Jets
2017-04-02,9:30 PM,Anaheim Ducks,Calgary Flames
2017-04-02,10:30 PM,Arizona Coyotes,Los Angeles Kings
2017-04-02,12:30 PM,Boston Bruins,Chicago Blackhawks
2017-04-02,3:00 PM,New York Islanders,Buffalo Sabres
2017-04-02,5:00 PM,Carolina Hurricanes,Pittsburgh Penguins
2017-04-02,6:00 PM,Washington Capitals,Columbus Blue Jackets
2017-04-02,6:00 PM,Colorado Avalanche,Minnesota Wild
2017-04-02,6:00 PM,Dallas Stars,Tampa Bay Lightning
2017-04-02,6:00 PM,Nashville Predators,St. Louis Blues
2017-04-02,7:30 PM,Philadelphia Flyers,New York Rangers
2017-04-02,7:00 PM,San Jose Sharks,Vancouver Canucks
2017-04-03,7:00 PM,Toronto Maple Leafs,Buffalo Sabres
2017-04-03,7:00 PM,Ottawa Senators,Detroit Red Wings
2017-04-03,7:30 PM,Montreal Canadiens,Florida Panthers
2017-04-04,10:00 PM,Calgary Flames,Anaheim Ducks
2017-04-04,8:30 PM,Arizona Coyotes,Dallas Stars
2017-04-04,7:00 PM,Tampa Bay Lightning,Boston Bruins
2017-04-04,8:00 PM,Carolina Hurricanes,Minnesota Wild
2017-04-04,7:00 PM,Columbus Blue Jackets,Pittsburgh Penguins
2017-04-04,9:00 PM,Chicago Blackhawks,Colorado Avalanche
2017-04-04,7:30 PM,Detroit Red Wings,Ottawa Senators
2017-04-04,10:30 PM,Edmonton Oilers,Los Angeles Kings
2017-04-04,7:00 PM,Philadelphia Flyers,New Jersey Devils
2017-04-04,8:00 PM,New York Islanders,Nashville Predators
2017-04-04,10:30 PM,Vancouver Canucks,San Jose Sharks
2017-04-04,8:00 PM,Winnipeg Jets,St. Louis Blues
2017-04-04,7:30 PM,Washington Capitals,Toronto Maple Leafs
2017-04-05,7:30 PM,Montreal Canadiens,Buffalo Sabres
2017-04-05,8:00 PM,New York Rangers,Washington Capitals
2017-04-06,10:00 PM,Chicago Blackhawks,Anaheim Ducks
2017-04-06,10:00 PM,Vancouver Canucks,Arizona Coyotes
2017-04-06,7:00 PM,Ottawa Senators,Boston Bruins
2017-04-06,7:00 PM,New York Islanders,Carolina Hurricanes
2017-04-06,7:00 PM,Winnipeg Jets,Columbus Blue Jackets
2017-04-06,10:30 PM,Calgary Flames,Los Angeles Kings
2017-04-06,9:00 PM,Minnesota Wild,Colorado Avalanche
2017-04-06,8:30 PM,Nashville Predators,Dallas Stars
2017-04-06,10:30 PM,Edmonton Oilers,San Jose Sharks
2017-04-06,7:30 PM,St. Louis Blues,Florida Panthers
2017-04-06,7:00 PM,Pittsburgh Penguins,New Jersey Devils
2017-04-06,7:30 PM,Tampa Bay Lightning,Toronto Maple Leafs
2017-04-07,7:30 PM,Tampa Bay Lightning,Montreal Canadiens
2017-04-08,9:00 PM,Minnesota Wild,Arizona Coyotes
2017-04-08,3:00 PM,Washington Capitals,Boston Bruins
2017-04-08,7:00 PM,Buffalo Sabres,Florida Panthers
2017-04-08,7:00 PM,St. Louis Blues,Carolina Hurricanes
2017-04-08,12:30 PM,Columbus Blue Jackets,Philadelphia Flyers
2017-04-08,10:00 PM,Calgary Flames,San Jose Sharks
2017-04-08,10:30 PM,Chicago Blackhawks,Los Angeles Kings
2017-04-08,8:00 PM,Colorado Avalanche,Dallas Stars
2017-04-08,7:00 PM,Montreal Canadiens,Detroit Red Wings
2017-04-08,10:00 PM,Edmonton Oilers,Vancouver Canucks
2017-04-08,6:00 PM,New York Islanders,New Jersey Devils
2017-04-08,7:00 PM,Nashville Predators,Winnipeg Jets
2017-04-08,12:30 PM,New York Rangers,Ottawa Senators
2017-04-08,7:00 PM,Pittsburgh Penguins,Toronto Maple Leafs
2017-04-09,8:30 PM,Los Angeles Kings,Anaheim Ducks
2017-04-09,5:00 PM,Buffalo Sabres,Tampa Bay Lightning
2017-04-09,7:00 PM,Carolina Hurricanes,Philadelphia Flyers
2017-04-09,6:00 PM,Columbus Blue Jackets,Toronto Maple Leafs
2017-04-09,6:00 PM,Colorado Avalanche,St. Louis Blues
2017-04-09,5:00 PM,New Jersey Devils,Detroit Red Wings
2017-04-09,9:00 PM,Vancouver Canucks,Edmonton Oilers
2017-04-09,7:00 PM,Florida Panthers,Washington Capitals
2017-04-09,5:00 PM,Ottawa Senators,New York Islanders
2017-04-09,7:00 PM,Pittsburgh Penguins,New York Rangers
